exercicio,caso,n,tempo_ns
1,m,0,130.0
1,p,0,140.0
1,m,10000,500.0
1,p,10000,26220.0
1,m,20000,430.0
1,p,20000,54770.0
1,m,30000,440.0
1,p,30000,81660.0
1,m,40000,450.0
1,p,40000,110640.0
1,m,50000,540.0
1,p,50000,130680.0
1,m,60000,450.0
1,p,60000,222710.0
1,m,70000,490.0
1,p,70000,188890.0
1,m,80000,500.0
1,p,80000,222240.0
1,m,90000,450.0
1,p,90000,239990.0
1,m,100000,510.0
1,p,100000,263450.0
1,m,110000,520.0
1,p,110000,359820.0
1,m,120000,550.0
1,p,120000,330380.0
1,m,130000,540.0
1,p,130000,380080.0
1,m,140000,480.0
1,p,140000,356570.0
1,m,150000,500.0
1,p,150000,412790.0
1,m,160000,560.0
1,p,160000,412380.0
1,m,170000,520.0
1,p,170000,439790.0
1,m,180000,480.0
1,p,180000,470820.0
1,m,190000,430.0
1,p,190000,516710.0
1,m,200000,440.0
1,p,200000,503250.0
1,m,210000,450.0
1,p,210000,558340.0
1,m,220000,470.0
1,p,220000,585050.0
1,m,230000,450.0
1,p,230000,634730.0
1,m,240000,480.0
1,p,240000,707590.0
1,m,250000,470.0
1,p,250000,800450.0
1,m,260000,430.0
1,p,260000,664400.0
1,m,270000,960.0
1,p,270000,736250.0
1,m,280000,460.0
1,p,280000,755970.0
1,m,290000,480.0
1,p,290000,802130.0
1,m,300000,480.0
1,p,300000,821270.0
1,m,310000,520.0
1,p,310000,786920.0
1,m,320000,510.0
1,p,320000,893050.0
1,m,330000,510.0
1,p,330000,906920.0
1,m,340000,920.0
1,p,340000,1037680.0
1,m,350000,430.0
1,p,350000,980870.0
1,m,360000,460.0
1,p,360000,1140510.0
1,m,370000,460.0
1,p,370000,1059730.0
1,m,380000,470.0
1,p,380000,1047230.0
1,m,390000,470.0
1,p,390000,1052210.0
1,m,400000,490.0
1,p,400000,1117920.0
1,m,410000,490.0
1,p,410000,1120420.0
1,m,420000,540.0
1,p,420000,1104500.0
1,m,430000,540.0
1,p,430000,1658790.0
1,m,440000,540.0
1,p,440000,3643710.0
1,m,450000,500.0
1,p,450000,1225580.0
1,m,460000,480.0
1,p,460000,1190700.0
1,m,470000,500.0
1,p,470000,1243590.0
1,m,480000,500.0
1,p,480000,1316960.0
1,m,490000,550.0
1,p,490000,1468500.0
1,m,500000,460.0
1,p,500000,1339860.0
2,m,0,130.0
2,p,0,150.0
2,m,10000,180.0
2,p,10000,304910.0
2,m,20000,270.0
2,p,20000,612490.0
2,m,30000,360.0
2,p,30000,1098460.0
2,m,40000,460.0
2,p,40000,1319460.0
2,m,50000,420.0
2,m,60000,500.0
2,m,70000,1030.0
2,m,80000,470.0
2,m,90000,540.0
2,m,100000,520.0
2,m,110000,540.0
2,m,120000,510.0
2,m,130000,580.0
2,m,140000,550.0
2,m,150000,540.0
2,m,160000,550.0
2,m,170000,490.0
2,m,180000,720.0
2,m,190000,690.0
2,m,200000,600.0
2,m,210000,500.0
2,m,220000,710.0
2,m,230000,550.0
2,m,240000,640.0
2,m,250000,550.0
2,m,260000,490.0
2,m,270000,530.0
2,m,280000,530.0
2,m,290000,540.0
2,m,300000,540.0
2,m,310000,550.0
2,m,320000,610.0
2,m,330000,630.0
2,m,340000,540.0
2,m,350000,550.0
2,m,360000,620.0
2,m,370000,520.0
2,m,380000,610.0
2,m,390000,540.0
2,m,400000,510.0
2,m,410000,570.0
2,m,420000,530.0
2,m,430000,530.0
2,m,440000,590.0
2,m,450000,480.0
2,m,460000,510.0
2,m,470000,570.0
2,m,480000,600.0
2,m,490000,530.0
2,m,500000,480.0
3,m,0,140.0
3,p,0,150.0
3,m,10000,340.0
3,p,10000,34560.0
3,m,20000,540.0
3,p,20000,64250.0
3,m,30000,530.0
3,p,30000,96340.0
3,m,40000,530.0
3,p,40000,130760.0
3,m,50000,430.0
3,p,50000,205350.0
3,m,60000,590.0
3,p,60000,207030.0
3,m,70000,580.0
3,p,70000,221590.0
3,m,80000,520.0
3,p,80000,277890.0
3,m,90000,510.0
3,p,90000,300560.0
3,m,100000,600.0
3,p,100000,391120.0
3,m,110000,510.0
3,p,110000,348580.0
3,m,120000,530.0
3,p,120000,372210.0
3,m,130000,580.0
3,p,130000,452380.0
3,m,140000,540.0
3,p,140000,472220.0
3,m,150000,590.0
3,p,150000,514220.0
3,m,160000,550.0
3,p,160000,582210.0
3,m,170000,630.0
3,p,170000,545970.0
3,m,180000,580.0
3,p,180000,593260.0
3,m,190000,610.0
3,p,190000,955440.0
3,m,200000,800.0
3,p,200000,899220.0
3,m,210000,600.0
3,p,210000,862790.0
3,m,220000,650.0
3,p,220000,739020.0
3,m,230000,530.0
3,p,230000,752280.0
3,m,240000,560.0
3,p,240000,741520.0
3,m,250000,570.0
3,p,250000,779770.0
3,m,260000,550.0
3,p,260000,911780.0
3,m,270000,570.0
3,p,270000,816670.0
3,m,280000,480.0
3,p,280000,862720.0
3,m,290000,540.0
3,p,290000,1010340.0
3,m,300000,560.0
3,p,300000,980300.0
3,m,310000,550.0
3,p,310000,952220.0
3,m,320000,520.0
3,p,320000,1108470.0
3,m,330000,560.0
3,p,330000,1044730.0
3,m,340000,540.0
3,p,340000,1038060.0
3,m,350000,540.0
3,p,350000,1186170.0
3,m,360000,520.0
3,p,360000,1397930.0
3,m,370000,580.0
3,p,370000,1433720.0
3,m,380000,530.0
3,p,380000,1418940.0
3,m,390000,550.0
3,p,390000,1325220.0
3,m,400000,550.0
3,p,400000,1183230.0
3,m,410000,530.0
3,p,410000,1288550.0
3,m,420000,570.0
3,p,420000,1473380.0
3,m,430000,520.0
3,p,430000,1400670.0
3,m,440000,600.0
3,p,440000,1438200.0
3,m,450000,510.0
3,p,450000,1469140.0
3,m,460000,530.0
3,p,460000,1475370.0
3,m,470000,560.0
3,p,470000,1518780.0
3,m,480000,510.0
3,p,480000,1474920.0
3,m,490000,490.0
3,p,490000,1481400.0
3,m,500000,510.0
3,p,500000,1680040.0
4,m,0,130.0
4,p,0,140.0
4,m,10000,440.0
4,p,10000,358260.0
4,m,20000,460.0
4,p,20000,726950.0
4,m,30000,370.0
4,p,30000,1103750.0
4,m,40000,760.0
4,p,40000,1380560.0
4,m,50000,440.0
4,m,60000,400.0
4,m,70000,450.0
4,m,80000,530.0
4,m,90000,430.0
4,m,100000,530.0
4,m,110000,450.0
4,m,120000,500.0
4,m,130000,450.0
4,m,140000,540.0
4,m,150000,490.0
4,m,160000,550.0
4,m,170000,440.0
4,m,180000,480.0
4,m,190000,500.0
4,m,200000,470.0
4,m,210000,480.0
4,m,220000,510.0
4,m,230000,540.0
4,m,240000,450.0
4,m,250000,430.0
4,m,260000,450.0
4,m,270000,400.0
4,m,280000,480.0
4,m,290000,460.0
4,m,300000,440.0
4,m,310000,420.0
4,m,320000,470.0
4,m,330000,530.0
4,m,340000,410.0
4,m,350000,520.0
4,m,360000,490.0
4,m,370000,470.0
4,m,380000,430.0
4,m,390000,500.0
4,m,400000,470.0
4,m,410000,510.0
4,m,420000,460.0
4,m,430000,450.0
4,m,440000,490.0
4,m,450000,430.0
4,m,460000,430.0
4,m,470000,450.0
4,m,480000,430.0
4,m,490000,470.0
4,m,500000,460.0
5,m,0,200.0
5,p,0,160.0
5,m,10000,290.0
5,p,10000,400.0
5,m,20000,420.0
5,p,20000,400.0
5,m,30000,470.0
5,p,30000,670.0
5,m,40000,470.0
5,p,40000,880.0
5,m,50000,460.0
5,p,50000,660.0
5,m,60000,480.0
5,p,60000,720.0
5,m,70000,470.0
5,p,70000,860.0
5,m,80000,440.0
5,p,80000,810.0
5,m,90000,490.0
5,p,90000,890.0
5,m,100000,560.0
5,p,100000,840.0
5,m,110000,520.0
5,p,110000,940.0
5,m,120000,470.0
5,p,120000,1040.0
5,m,130000,530.0
5,p,130000,870.0
5,m,140000,480.0
5,p,140000,990.0
5,m,150000,540.0
5,p,150000,930.0
5,m,160000,490.0
5,p,160000,980.0
5,m,170000,590.0
5,p,170000,1100.0
5,m,180000,480.0
5,p,180000,900.0
5,m,190000,520.0
5,p,190000,1010.0
5,m,200000,480.0
5,p,200000,1010.0
5,m,210000,470.0
5,p,210000,1210.0
5,m,220000,520.0
5,p,220000,1170.0
5,m,230000,510.0
5,p,230000,1060.0
5,m,240000,530.0
5,p,240000,920.0
5,m,250000,590.0
5,p,250000,1060.0
5,m,260000,540.0
5,p,260000,980.0
5,m,270000,590.0
5,p,270000,1230.0
5,m,280000,620.0
5,p,280000,990.0
5,m,290000,460.0
5,p,290000,1130.0
5,m,300000,550.0
5,p,300000,940.0
5,m,310000,500.0
5,p,310000,900.0
5,m,320000,490.0
5,p,320000,970.0
5,m,330000,450.0
5,p,330000,1070.0
5,m,340000,460.0
5,p,340000,1030.0
5,m,350000,540.0
5,p,350000,1180.0
5,m,360000,520.0
5,p,360000,960.0
5,m,370000,520.0
5,p,370000,960.0
5,m,380000,510.0
5,p,380000,1150.0
5,m,390000,500.0
5,p,390000,860.0
5,m,400000,470.0
5,p,400000,1090.0
5,m,410000,470.0
5,p,410000,1480.0
5,m,420000,530.0
5,p,420000,980.0
5,m,430000,510.0
5,p,430000,1070.0
5,m,440000,450.0
5,p,440000,1080.0
5,m,450000,460.0
5,p,450000,1100.0
5,m,460000,540.0
5,p,460000,1140.0
5,m,470000,570.0
5,p,470000,1090.0
5,m,480000,550.0
5,p,480000,1100.0
5,m,490000,1390.0
5,p,490000,1030.0
5,m,500000,590.0
5,p,500000,970.0
6,m,0,180.0
6,p,0,120.0
6,m,10000,240.0
6,p,10000,320.0
6,m,20000,260.0
6,p,20000,460.0
6,m,30000,270.0
6,p,30000,480.0
6,m,40000,320.0
6,p,40000,670.0
6,m,50000,390.0
6,p,50000,620.0
6,m,60000,470.0
6,p,60000,990.0
6,m,70000,340.0
6,p,70000,780.0
6,m,80000,460.0
6,p,80000,1260.0
6,m,90000,460.0
6,p,90000,860.0
6,m,100000,440.0
6,p,100000,880.0
6,m,110000,520.0
6,p,110000,890.0
6,m,120000,550.0
6,p,120000,910.0
6,m,130000,520.0
6,p,130000,780.0
6,m,140000,510.0
6,p,140000,930.0
6,m,150000,520.0
6,p,150000,900.0
6,m,160000,560.0
6,p,160000,940.0
6,m,170000,490.0
6,p,170000,880.0
6,m,180000,490.0
6,p,180000,930.0
6,m,190000,520.0
6,p,190000,910.0
6,m,200000,620.0
6,p,200000,1060.0
6,m,210000,580.0
6,p,210000,1080.0
6,m,220000,2190.0
6,p,220000,1130.0
6,m,230000,500.0
6,p,230000,1070.0
6,m,240000,500.0
6,p,240000,1030.0
6,m,250000,500.0
6,p,250000,970.0
6,m,260000,510.0
6,p,260000,1020.0
6,m,270000,540.0
6,p,270000,1130.0
6,m,280000,520.0
6,p,280000,1120.0
6,m,290000,530.0
6,p,290000,1040.0
6,m,300000,460.0
6,p,300000,1000.0
6,m,310000,520.0
6,p,310000,960.0
6,m,320000,460.0
6,p,320000,1150.0
6,m,330000,560.0
6,p,330000,1050.0
6,m,340000,640.0
6,p,340000,1030.0
6,m,350000,480.0
6,p,350000,1020.0
6,m,360000,490.0
6,p,360000,1020.0
6,m,370000,530.0
6,p,370000,1020.0
6,m,380000,470.0
6,p,380000,1120.0
6,m,390000,460.0
6,p,390000,1070.0
6,m,400000,510.0
6,p,400000,1120.0
6,m,410000,490.0
6,p,410000,1010.0
6,m,420000,580.0
6,p,420000,1470.0
6,m,430000,540.0
6,p,430000,1050.0
6,m,440000,540.0
6,p,440000,1080.0
6,m,450000,510.0
6,p,450000,1050.0
6,m,460000,890.0
6,p,460000,1030.0
6,m,470000,490.0
6,p,470000,1020.0
6,m,480000,550.0
6,p,480000,1000.0
6,m,490000,470.0
6,p,490000,1090.0
6,m,500000,550.0
6,p,500000,1050.0
7,m,0,140.0
7,p,0,120.0
7,m,10000,180.0
7,p,10000,330.0
7,m,20000,330.0
7,p,20000,580.0
7,m,30000,290.0
7,p,30000,500.0
7,m,40000,380.0
7,p,40000,650.0
7,m,50000,420.0
7,p,50000,700.0
7,m,60000,350.0
7,p,60000,870.0
7,m,70000,460.0
7,p,70000,900.0
7,m,80000,490.0
7,p,80000,970.0
7,m,90000,470.0
7,p,90000,1010.0
7,m,100000,440.0
7,p,100000,930.0
7,m,110000,450.0
7,p,110000,990.0
7,m,120000,500.0
7,p,120000,960.0
7,m,130000,500.0
7,p,130000,990.0
7,m,140000,520.0
7,p,140000,920.0
7,m,150000,500.0
7,p,150000,960.0
7,m,160000,500.0
7,p,160000,1060.0
7,m,170000,530.0
7,p,170000,990.0
7,m,180000,470.0
7,p,180000,1070.0
7,m,190000,580.0
7,p,190000,950.0
7,m,200000,550.0
7,p,200000,970.0
7,m,210000,610.0
7,p,210000,1110.0
7,m,220000,530.0
7,p,220000,1040.0
7,m,230000,560.0
7,p,230000,1180.0
7,m,240000,510.0
7,p,240000,1060.0
7,m,250000,500.0
7,p,250000,1020.0
7,m,260000,480.0
7,p,260000,1170.0
7,m,270000,570.0
7,p,270000,1190.0
7,m,280000,500.0
7,p,280000,1280.0
7,m,290000,520.0
7,p,290000,1260.0
7,m,300000,570.0
7,p,300000,1080.0
7,m,310000,510.0
7,p,310000,1230.0
7,m,320000,570.0
7,p,320000,1300.0
7,m,330000,540.0
7,p,330000,1440.0
7,m,340000,530.0
7,p,340000,1140.0
7,m,350000,590.0
7,p,350000,1200.0
7,m,360000,490.0
7,p,360000,1210.0
7,m,370000,500.0
7,p,370000,1250.0
7,m,380000,490.0
7,p,380000,1140.0
7,m,390000,540.0
7,p,390000,1190.0
7,m,400000,500.0
7,p,400000,1200.0
7,m,410000,520.0
7,p,410000,1300.0
7,m,420000,500.0
7,p,420000,1120.0
7,m,430000,520.0
7,p,430000,1260.0
7,m,440000,540.0
7,p,440000,1280.0
7,m,450000,490.0
7,p,450000,1200.0
7,m,460000,550.0
7,p,460000,1340.0
7,m,470000,510.0
7,p,470000,1260.0
7,m,480000,520.0
7,p,480000,1710.0
7,m,490000,500.0
7,p,490000,1190.0
7,m,500000,540.0
7,p,500000,1250.0
8,m,0,150.0
8,p,0,130.0
8,m,10000,350.0
8,p,10000,300.0
8,m,20000,380.0
8,p,20000,540.0
8,m,30000,330.0
8,p,30000,440.0
8,m,40000,380.0
8,p,40000,770.0
8,m,50000,410.0
8,p,50000,720.0
8,m,60000,420.0
8,p,60000,790.0
8,m,70000,440.0
8,p,70000,860.0
8,m,80000,470.0
8,p,80000,840.0
8,m,90000,500.0
8,p,90000,1060.0
8,m,100000,430.0
8,p,100000,910.0
8,m,110000,520.0
8,p,110000,1000.0
8,m,120000,610.0
8,p,120000,940.0
8,m,130000,510.0
8,p,130000,1020.0
8,m,140000,880.0
8,p,140000,1130.0
8,m,150000,480.0
8,p,150000,1030.0
8,m,160000,540.0
8,p,160000,1030.0
8,m,170000,530.0
8,p,170000,1130.0
8,m,180000,530.0
8,p,180000,970.0
8,m,190000,520.0
8,p,190000,1130.0
8,m,200000,520.0
8,p,200000,1060.0
8,m,210000,560.0
8,p,210000,1070.0
8,m,220000,530.0
8,p,220000,1100.0
8,m,230000,510.0
8,p,230000,1220.0
8,m,240000,500.0
8,p,240000,1160.0
8,m,250000,540.0
8,p,250000,1170.0
8,m,260000,520.0
8,p,260000,1380.0
8,m,270000,920.0
8,p,270000,2710.0
8,m,280000,520.0
8,p,280000,1130.0
8,m,290000,550.0
8,p,290000,1180.0
8,m,300000,470.0
8,p,300000,1400.0
8,m,310000,510.0
8,p,310000,1150.0
8,m,320000,480.0
8,p,320000,1220.0
8,m,330000,520.0
8,p,330000,1150.0
8,m,340000,430.0
8,p,340000,1140.0
8,m,350000,1770.0
8,p,350000,1140.0
8,m,360000,460.0
8,p,360000,1110.0
8,m,370000,500.0
8,p,370000,1130.0
8,m,380000,510.0
8,p,380000,1200.0
8,m,390000,520.0
8,p,390000,1170.0
8,m,400000,470.0
8,p,400000,1200.0
8,m,410000,450.0
8,p,410000,1180.0
8,m,420000,470.0
8,p,420000,1250.0
8,m,430000,480.0
8,p,430000,1160.0
8,m,440000,500.0
8,p,440000,1260.0
8,m,450000,570.0
8,p,450000,1290.0
8,m,460000,470.0
8,p,460000,1240.0
8,m,470000,550.0
8,p,470000,1130.0
8,m,480000,540.0
8,p,480000,1180.0
8,m,490000,540.0
8,p,490000,1230.0
8,m,500000,540.0
8,p,500000,1180.0
